# Kirrkirr pictures import file version 3 (2018). Pictures list last updated: 2018-08-31,,,,,,,,,,,,,,,,,,,,
# The file is in CSV format (fields containing commas should be quoted with double quotes).,,,,,,,,,,,,,,,,,,,,
"# Each line is one picture; it can link to any number of words (even zero), as jaja, jajina*2*, etc.",,,,,,,,,,,,,,,,,,,,
# A word should exactly match a dictionary headword. The word can be followed by *num* to indicate a homonym number for homonyms.,,,,,,,,,,,,,,,,,,,,
"# Except that lines beginning with the hash character (#), or double-quote followed by # if quoted, are assumed to be comments for humans.",,,,,,,,,,,,,,,,,,,,
# The character encoding of the file is assumed to be UTF-8.,,,,,,,,,,,,,,,,,,,,
# Format (comma-separated values columns):,,,,,,,,,,,,,,,,,,,,
#     image     collection     scientific     english    credits     url     other     word*,,,,,,,,,,,,,,,,,,,,
#,,,,,,,,,,,,,,,,,,,,
# The credits will be placed in the XML dictionary file: it should be valid XML,,,,,,,,,,,,,,,,,,,,
# by avoiding left angle brackets and ampersands and using character entities as appropriate.,,,,,,,,,,,,,,,,,,,,
#,,,,,,,,,,,,,,,,,,,,
# Traditional photos (some with sources unknown),,,,,,,,,,,,,,,,,,,,
#,,,,,,,,,,,,,,,,,,,,
# wquoll.jpg,traditional,,Western quoll,,http://www.biodiversity.environment.gov.au/plants/threaten/information/species/animals/mammals/Western_Quoll/index.htm,"DISUSED. No longer at this URL, replaced with higher-res version of same photo, western-quoll.jpg, from new location",jajirdi,kuninyka,kurninka,parrjarda,,,,,,,,,,
majmitch1.jpg,traditional,,Major Mitchell's cockatoo,,,,jirta-warnu,kakalyalya,kakalyalyi,ngarnkamarda,ngarnkamirda,ngawalyalya,,,,,,,,
majmitch2.jpg,traditional,,Major Mitchell's cockatoo,,,,jirta-warnu,kakalyalya,kakalyalyi,ngarnkamarda,ngarnkamirda,ngawalyalya,,,,,,,,
aus-magpie.jpg,traditional,,,,http://www.calm.wa.gov.au/plants_animals/bird_magpie.html,,yakurlajirri,ngurrpurlu-ngurrpurlu,warukurrpari,warntukulpari,kumulajpurru,kurrpari,kurrpurlardu,warntukurrpari,kurrparu,warturlkurrpari,kumarlawurru,kurrpurlardi,wakurlajirri,
echidna.jpg,traditional,,,,http://www.calm.wa.gov.au/plants_animals/odd_echidna.html Tachyglossus aculeatus,,yinarlingi,nyinawirdi,yunuwalyingi,jiri-parnta,nyinyiwarri,nyinawurdu,pujarlingi,jilka-marda,jilka-parnta,,,,,
coolibah-digtree.jpg,traditional,Eucalyptus microtheca,Coolibah,,http://www.forests.qld.gov.au/educat/btl/trees.htm Eucalyptus microtheca,,karrawari,wapilingki,,,,,,,,,,,,
banana.jpg,traditional,,,,,unknown (Granites?),parlayi,yurnturrngu,purrputuru,kirlipi,yangardurrku,yuparli,murlku-kari,ngakaparla,,,,,,
btbettong.jpg,traditional,,Brush-tailed bettong ,,http://www.austmus.gov.au/mammals/record.cfm?rego=M%20944,,yamarri,yarrkamarlu,yarrkamardi,purdijirri,purdujurru*3*,,,,,,,,,
btbettong2.jpg,traditional,,Brush-tailed bettong ,,,http://aquaweb.net/milamba/woylie.htm unknown photographer,yamarri,yarrkamarlu,yarrkamardi,purdijirri,purdujurru*3*,,,,,,,,,
bbettong.jpg,traditional,,Burrowing betong,,,http://aquaweb.net/milamba/boodie.htm unknown photographer,wurlana,purdaya,mumurturlu,,,,,,,,,,,
bhpythn.jpg,traditional,,,,,Michand home page (http://www.faroc.com.au/~mhand/contents.html) Granites gold mine black-headed python,mulyu-kuna,yurnturrkinyi,yurnturrkunyu,,,,,,,,,,,
bilby.jpg,traditional,,,,,Michand home page (http://www.faroc.com.au/~mhand/contents.html) Granites gold mine http://www.faroc.com.au/~mhand/,ngirnti-jinjinyki,walpajirri,ngarlkirdi-ngarnu,nini,nyirrpirda,jarlku,jawinji,yarningi,ngarlaparaji,nyarlku,,,,
bilbytr.jpg,traditional,,,,,Michand home page (http://www.faroc.com.au/~mhand/contents.html) Granites gold mine http://www.faroc.com.au/~mhand/,ngirnti-jinjinyki,walpajirri,ngarlkirdi-ngarnu,nini,nyirrpirda,jarlku,jawinji,yarningi,ngarlaparaji,nyarlku,,,,
bilby1.jpg,traditional,,,,,Michand home page (http://www.faroc.com.au/~mhand/contents.html) Granites gold mine http://www.faroc.com.au/~mhand/courtesy of the Parks and Wildlife Commission of the Northern Territory,ngirnti-jinjinyki,walpajirri,ngarlkirdi-ngarnu,nini,nyirrpirda,jarlku,jawinji,yarningi,ngarlaparaji,nyarlku,,,,
bilby2.jpg,traditional,,,,,Michand home page (http://www.faroc.com.au/~mhand/contents.html) Granites gold mine http://www.faroc.com.au/~mhand/,ngirnti-jinjinyki,walpajirri,ngarlkirdi-ngarnu,nini,nyirrpirda,jarlku,jawinji,yarningi,ngarlaparaji,nyarlku,,,,
bower.jpg,traditional,,,,,Michand home page (http://www.faroc.com.au/~mhand/contents.html) Granites gold mine?,yakirriki,,,,,,,,,,,,,
coconut.jpg,traditional,,,,,Michand home page (http://www.faroc.com.au/~mhand/contents.html) Granites gold mine,kanta,mangarrayi,kajipu,jakarla-payipayi,,,,,,,,,,
ctenotus.jpg,traditional,,,,,Michand home page (http://www.faroc.com.au/~mhand/contents.html) Granites gold mine; no match?,,,,,,,,,,,,,,
dingo.jpg,traditional,,,,,?,waltaki,warnapari,wirnki-warnu,,,,,,,,,,,
dingotr.jpg,traditional,,,,,?,waltaki,warnapari,wirnki-warnu,,,,,,,,,,,
dog.jpg,traditional,,,,,?,jujuju,malkurnpa,punpulu,maliki,yurdukurduku,kuna-palya,jarntu*1*,wungu-warnu,,,,,,
fercattr.jpg,traditional,,,,,Michand home page (http://www.faroc.com.au/~mhand/contents.html) Granites gold mine,minija,ngaya,ngalya-turlkunku,,,,,,,,,,,
frog1.jpg,traditional,,,,,Michand home page (http://www.faroc.com.au/~mhand/contents.html) Granites gold mine; what is it?,jarlji,ngarnngi,,,,,,,,,,,,
frog2.jpg,traditional,,,,,Michand home page (http://www.faroc.com.au/~mhand/contents.html) Granites gold mine,jarlji,ngarnngi,,,,,,,,,,,,
frogmouth.jpg,traditional,,,,,?,nguru*2*,nguri,lirra-kulpi,kurrurlkurrurlpa,lirra-jaturlpi,yuparli-purrangu,yuparli-ngarnu,nunungku,lirra-warlpurrku,nyuri*2*,,,,
furiad.jpg,traditional,,,,,Michand home page (http://www.faroc.com.au/~mhand/contents.html) Granites gold mine red naped snake,,,,,,,,,,,,,,
ipomoea.jpg,traditional,,,,,Michand home page (http://www.faroc.com.au/~mhand/contents.html) Granites gold mine Ipomoea costata Rock Morning Glory yams shows yam and Aborigine!,yaljirrpa,puurda,papirta,yangurnungu,yarla,paparda,,,,,,,,
goosebe.jpg,traditional,,,,,Michand home page (http://www.faroc.com.au/~mhand/contents.html) Granites gold mine Solanum ellipticum ,,wangki,,,,,,,,,,,,
gould.jpg,traditional,,,,,http://www.upnaway.com/~rdavis/,milpa-wirlki,pilja,wardapi,mirikari,kurrkardi,jirrirlpa,,,,,,,,
kingbrn.jpg,traditional,,,,,Michand home page (http://www.faroc.com.au/~mhand/contents.html) Granites gold mine king brown or mulga snake,lingka,jamparli,pilkardi,warna,kuwarlija,,,,,,,,,
lajamanu-library.jpg,traditional,,,,,some web page ?,papula*2*,papulu*1*,yuwarli,marru*1*,,,,,,,,,,
litspot.jpg,traditional,,,,,Michand home page (http://www.faroc.com.au/~mhand/contents.html) Granites gold mine little spotted snake - what?,,,,,,,,,,,,,,
lizards.jpg,traditional,,,,,Michand home page (http://www.faroc.com.au/~mhand/contents.html) Granites gold mine not usable,,,,,,,,,,,,,,
mdragon.jpg,traditional,,,,,Michand home page (http://www.faroc.com.au/~mhand/contents.html) Granites gold mine military dragon,kurluparri,wiji*2*,wiji-pardu,,,,,,,,,,,
mulgara.jpg,traditional,,,,,Michand home page (http://www.faroc.com.au/~mhand/contents.html) Granites gold mine,jajina,jalurti,mingajurru,minyipurru,munyupurru,murrja,nyarlurti,nyarlurtu,,,,,,
mulgara1.jpg,traditional,,,,,Michand home page (http://www.faroc.com.au/~mhand/contents.html) Granites gold mine,jajina,jalurti,mingajurru,minyipurru,munyupurru,murrja,nyarlurti,nyarlurtu,,,,,,
mulgara2.jpg,traditional,,,,,http://www.erin.gov.au/life/tour/tour1.html,jajina,jalurti,mingajurru,minyipurru,munyupurru,murrja,nyarlurti,nyarlurtu,,,,,,
mulgara3.jpg,traditional,,,,,Michand home page (http://www.faroc.com.au/~mhand/contents.html) Granites gold mine,jajina,jalurti,mingajurru,minyipurru,munyupurru,murrja,nyarlurti,nyarlurtu,,,,,,
mulgtrac.jpg,traditional,,,,,Michand home page (http://www.faroc.com.au/~mhand/contents.html) Granites gold mine,jajina,jalurti,mingajurru,minyipurru,munyupurru,murrja,nyarlurti,nyarlurtu,,,,,,
ningaui.jpg,traditional,,,,,Michand home page (http://www.faroc.com.au/~mhand/contents.html) Granites gold mine,jangalarnti,,,,,,,,,,,,,
python-bredli.jpg,traditional,,Centralian carpet python,,http://www.pythons.com/hamper/mb.html,,yintajirrki,,,,,,,,,,,,,
python-woma.jpg,traditional,,,,,http://www.pythons.com/hamper/woma.html,ngalyipi*1*,malilyi,kuwarla*1*,ngawininji,mulyu-nguyu-nguyu,ngawininyi,pirntina,,,,,,,
python-black.jpg,traditional,,,,,http://www.pythons.com/hamper/blkhead.html,mulyu-kuna,yurnturrkinyi,yurnturrkunyu,,,,,,,,,,,
raisin.jpg,traditional,,,,,Michand home page (http://www.faroc.com.au/~mhand/contents.html) Granites gold mine,jungkunypa,yakajirri,kampurarrpa,kararrpa,miyi*1*,karturu,parru,mulyu*2*,kunampi,,,,,
red-kangaroo.jpg,traditional,,,,,? red kangaroo,wawirri,wirli-parnta,jurrkapanji,marlu,yawarrangi,,,,,,,,,
sandmonitor.jpg,traditional,,,,,http://werple.mira.net/~areadman/goanna.htm,kurrkardi,mirikari,wardapi,,,,,,,,,,,
simosfas.jpg,traditional,,,,,Michand home page (http://www.faroc.com.au/~mhand/contents.html) Granites gold mine narrow banded burrowing snake,,,,,,,,,,,,,,
skink2.jpg,traditional,,,,,http://ecofriends.nccnsw.org.au/member/tsn/context/profiles/42.html,warrarna,wilana,kunarlirrpi,yarrukurlu,warraparnu,,,,,,,,,
spechare.jpg,traditional,Lagorchestes conspicillatus,Spectacled hare wallaby,,,Michand Home Page (Http://Www.Faroc.Com.Au/~Mhand/Contents.Html) Granites Gold Mine mine,wangku-ngawurrpa,milpa-tiri,wampana,yilkaminyi,milpa-puunpa,yulkaminyi,yukarlpi,,,,,,,
spinhopm.jpg,traditional,,,,,Michand home page (http://www.faroc.com.au/~mhand/contents.html) Granites gold mine,jungunypa,wijipardu,,,,,,,,,,,,
spinifex.jpg,traditional,,,,,http://alpha7.curtin.edu.au/~csafa/matso.html,malyurralyurru,yupurru,pilyarla-tiri-tiri,ngalyurralyurru,yirntarrurarruru,kurruny-kurrunypa,rdukurduku-tiri-tiri,marukurru,,,,,,
sunrise.jpg,traditional,,,,,Michand home page (http://www.faroc.com.au/~mhand/contents.html) Granites gold mine; no use,,,,,,,,,,,,,,
thorny.jpg,traditional,,,,,http://www.foe.org.au/roxstop97/LandLife/Life-l.htm,mirnirri,,,,,,,,,,,,,
tomato.jpg,traditional,,,,,Michand home page (http://www.faroc.com.au/~mhand/contents.html) Granites gold mine,nganjawarli,jarlparrpa,kumpupaja,wanakiji,miyi*1*,kakaja,ngaru,ngayaki,kurla-parnta,,,,,
wbrown.jpg,traditional,,,,,Michand home page (http://www.faroc.com.au/~mhand/contents.html) Granites gold mine western brown snake,jalkarrara,,,,,,,,,,,,,
wcmouse.jpg,traditional,,,,,Michand home page (http://www.faroc.com.au/~mhand/contents.html) Granites gold mine - western chestnut mouse ??,,,,,,,,,,,,,,
willywagtail.jpg,traditional,,,,,chris found ?,jintipirri,jintirr-jintirrpa,,,,,,,,,,,,
woma.jpg,traditional,,,,,Michand home page (http://www.faroc.com.au/~mhand/contents.html) Granites gold mine Woma Python,,ngalyipi*1*,malilyi,kuwarla*1*,ngawininji,mulyu-nguyu-nguyu,ngawininyi,pirntina,,,,,,
rtblack1.jpg,traditional,Calyptorhynchus banskii,Red-Tailed Black Cockatoo,© Adrian Freeman,http://www.parrotsociety.org.au/articles/art_031.htm,Photograph supplied by and courtesy of Mr Adrian Freeman,yirrarnti,tirrarlpa,yurrarnti,,,,,,,,,,,
rtblackc.jpg,traditional,,,© Adrian Freeman,,"Red-Tailed Black Cockatoo, Calyptorhynchus banskii http://www.parrotsociety.org.au/articles/art_018.htm Photograph supplied by and courtesy of Mr Adrian Freeman",yirrarnti,tirrarlpa,yurrarnti,,,,,,,,,,,
ytblackc.jpg,traditional,,,© Adrian Freeman,,"Yellow-Tailed Black Cockatoo Calyptorhynchus funereus Photograph by Mr Adrian Freeman, http://www.parrotsociety.org.au/articles/art_031.htm doesn't appear in dict!",,,,,,,,,,,,,,
spinhopmouse.jpg,traditional,,,,,http://www.calm.wa.gov.au/national_parks/previous_parks_month/rudall.html,jungunypa,wijipardu,,,,,,,,,,,,
torrcrow.jpg,traditional,,,,,http://www.shades-of-night.com/aviary/images/torrcrow.html credit for the pic goes to Ian Rowley and O. C. Zillman. Torresian crow,wangkirna,wangarla*1*,milpa-liirlki,kaarnka,jangilka,,,,,,,,,
boobook.jpg,traditional,,Southern boobook owl,© John Young,,Photo John Young. http://raysp.com/birds/birdpic.php3?id=401,kakutu,kurrkutju,kurrkurrju,,,,,,,,,,,
fmtawny.jpg,traditional,Podargus strigoides,Tawny Frogmouth owl,© John Young,http://raysp.com/birds/birdpic.php3?id=409,Photo by John Young,nguru*2*,nguri,lirra-kulpi,kurrurlkurrurlpa,lirra-jaturlpi,yuparli-purrangu,yuparli-ngarnu,nunungku,lirra-warlpurrku,nyuri*2*,,,,
barn.jpg,traditional,,,© John Young,,Barn Owl.  Barn Owl Tyto alba.  Photo by John Young.   http://raysp.com/birds/birdpic.php3?id=404,nganpungu,purluwanti,warrkirri,wiringarri,,,,,,,,,,
bfshrike.jpg,traditional,,,© John Young,,Black-faced Cuckoo-shrike Coracina novaehollandiae http://raysp.com/birds/birdpic.php3?id=456  Photo by John Young.,karlpurrukarlpurru,pinparlajarrpa,pinpirlijarrpa,,,,,,,,,,,
wteagle.gif,traditional,,,,,Wedge-tailed eagle http://www.ozemail.com.au/~penton/alice.html Barbara Penton Aquila audax,kuyu-panturnu,warlawurru,milparlarrpa,,,,,,,,,,,
sdrose.gif,traditional,Gossypium Sturtianum,Sturt's Desert Rose,Barbara Penton, http://www.ozemail.com.au/~penton/rose.htm ,,pinamparli,,,,,,,,,,,,,
sdrose2.jpg,traditional,,,,,Sturt's Desert Rose (Gossypium Sturtianum) http://www.anbg.gov.au/emblems/nt.emblem.html,pinamparli,,,,,,,,,,,,,
varanus-acanturus.jpg,traditional,,,,,from http://www.kingsnake.com/varanus/acanthurus.jpg Varanus Acanthurus Picture Donated By Adam Jones,jilijili,nyinjirri,,,,,,,,,,,,
varanus-acanturus2.jpg,traditional,,,,,http://www.adelaide.net.au/~jbonnett/acanthurus.htm,jilijili,nyinjirri,,,,,,,,,,,,
varanus-acanturus3.jpg,traditional,,,,,http://www.adelaide.net.au/~jbonnett/acanthurus.htm,jilijili,nyinjirri,,,,,,,,,,,,
varanus-acanturus4.jpg,traditional,,,,,http://www.adelaide.net.au/~jbonnett/acanthurus.htm,jilijili,nyinjirri,,,,,,,,,,,,
aquila-audax.jpg,traditional,,,© Philip Hamilton,,http://www.geocities.com/~capeyork/aquila.htm  philip.hamilton@sympatico.ca <philip.hamilton@sympatico.ca>,kuyu-panturnu,warlawurru,milparlarrpa,,,,,,,,,,,
milvus-migrans.jpg,traditional,,,© Philip Hamilton,,http://www.geocities.com/~capeyork/hawk.htm © Philip Hamilton philip.hamilton@sympatico.ca <philip.hamilton@sympatico.ca>,purlapurla,,,,,,,,,,,,,
felis-catus.jpg,traditional,,,© Philip Hamilton,,http://www.geocities.com/~capeyork/cat.htm  philip.hamilton@sympatico.ca <philip.hamilton@sympatico.ca>,minija,ngaya,ngalya-turlkunku,,,,,,,,,,,
DuboisiaHopwoodii.jpg,traditional,,,,,http://www.anu.edu.au/Forestry/wood/nwfp/pituri/pituri.html,kirliyi,warlkalpa,,,,,,,,,,,,
galah2.jpg,traditional,,,,,http://home.mira.net/~areadman/galah.htm,kirlilkirlilpa,,,,,,,,,,,,,
galah3.jpg,traditional,,,,,http://home.mira.net/~areadman/galah.htm,kirlilkirlilpa,,,,,,,,,,,,,
mh1-small.jpg,traditional,,,© Graham Griffin,http://www.anu.edu.au/linguistics/nash/ca/pix/mh1.jpg,Amitermes mounds in Tanami. © Graham Griffin near Chilla Well 1986 via David Nash termites http://www.anu.edu.au/linguistics/nash/ca/termites.html,mingkirri,pirrirlji,yutunypa,yukalyi,pirlpanji,,,,,,,,,
mh2-small.jpg,traditional,,,© Melinda Hillery,http://www.anu.edu.au/linguistics/nash/ca/pix/mh2.jpg,"Drepanotermes rubriceps mound in Tanami. © Melinda Hillery 190km west Tennant Ck, Yankirrikirlangu [1999?] via David Nash termites http://www.anu.edu.au/linguistics/nash/ca/termites.html",jakumirnta,,,,,,,,,,,,,
mh3.gif,traditional,,,© Melinda Hillery,http://www.anu.edu.au/linguistics/nash/ca/pix/mh3.jpg,Drepanotermes rubriceps soldier. © Melinda Hillery via David Nash termites http://www.anu.edu.au/linguistics/nash/ca/termites.html,kardilyka,murluru,yukalyi,,,,,,,,,,,
mh4-small.jpg,traditional,,,© Craig James,http://www.anu.edu.au/linguistics/nash/ca/pix/mh4.jpg,Drepanotermes workers. © Craig James via David Nash termites http://www.anu.edu.au/linguistics/nash/ca/termites.html,kardilyka,murluru,,,,,,,,,,,,
mh5-small.jpg,traditional,,,© Graham Griffin,http://www.anu.edu.au/linguistics/nash/ca/pix/mh5.jpg,Nasutitermes triodiae in Great Sandy Desert. © Graham Griffin 400km SE Broome 1999 via David Nash termites http://www.anu.edu.au/linguistics/nash/ca/termites.html,mintapa,,,,,,,,,,,,,
mh6-small.jpg,traditional,,,© Trevor Hobbs,http://www.anu.edu.au/linguistics/nash/ca/pix/mh6.jpg,Nasutitermes triodiae in Tanami. © Trevor Hobbs Sangster's Bore 1989 via David Nash termites http://www.anu.edu.au/linguistics/nash/ca/termites.html,mintapa,,,,,,,,,,,,,
# CDM added Aug 2001.  Miscellaneous,,,,,,,,,,,,,,,,,,,,
mh7-small.jpg,traditional,,,© Melinda Hillery,http://www.anu.edu.au/linguistics/nash/ca/pix/mh7.jpg,Tumulitermes sp d soldier. © Melinda Hillery via David Nash termites http://www.anu.edu.au/linguistics/nash/ca/termites.html,yukalyi,,,,,,,,,,,,,
mh8.jpg,traditional,,,© Melinda Hillery,http://www.anu.edu.au/linguistics/nash/ca/pix/mh8.jpg,Tumulitermes sp d workers. © Melinda Hillery via David Nash termites http://www.anu.edu.au/linguistics/nash/ca/termites.html,jakumirnta,kardilyka,yutunypa,,,,,,,,,,,
tinospora-small.jpg,traditional,,,Lenn Webb © Griffith University,,http://www.gu.edu.au/ins/lils/webb/html/5-78.htm Vine Tinospora smilacina (Menispermaceae) Len Webb Ecological Images Collection,wararrji*1*,ngalyipi*2*,ngalyarr-ngarna,,,,,,,,,,,
minyuwaji-1998.07.06-small.jpg,traditional,,,© David Nash,,Minyuwaji Not yet fully identified; in the Acacia tephrina / maconochieana group (looking east),minyuwaji,,,,,,,,,,,,,
brolga.jpg,traditional,,,© Philip Hamilton,,http://www.geocities.com/Athens/Delphi/2970/brolga.htm,wurrkali*2*,,,,,,,,,,,,,
# CDM added Sep 2001,,,,,,,,,,,,,,,,,,,,
ringneck1.jpg,traditional,,,© David Nash (Copenhagen),,Australian Ringneck (Barnardius zonarius). http://www.zi.ku.dk/personal/drnash/Pages/Oz99/19.htm,lapaji,,,,,,,,,,,,,
CymbopogonAmbiguus1.jpg,traditional,Cymbopogon ambiguus,Lemon-scented grass,,http://www.lpe.nt.gov.au/advis/grass/LEMONSENT.HTM,NT Lands Planning Environment. ,kalpalpi,palpalpi,pajarnpajarnpa,yayirri-yayirri,karrinyarra,,,,,,,,,
CymbopogonAmbiguus2.jpg,traditional,Cymbopogon ambiguus,Lemon-scented grass,M. Fagg © Australian National Botanic Gardens,,"http://155.187.10.12/images/photo_cd/9J18G058272/053.html Cymbopogon ambiguus Photographer: Fagg, M. ANBG Photo No.: a.6204",kalpalpi,palpalpi,pajarnpajarnpa,yayirri-yayirri,karrinyarra,,,,,,,,,
# Chris added from Web Nov 2001,,,,,,,,,,,,,,,,,,,,
notaden-nichollsi.jpg,traditional,,,© SA Dept of Environment and Heritage,,http://www.environment.sa.gov.au/epa/frogcensus/sa_frogs.html (Photo: FROGWATCH Resource Materials 1990),purru-parnta,wardarranji,,,,,,,,,,,,
AcaciaTenuissima.jpg,traditional,,,Annie and Al Cameron,,http://www.endemicplants.com/images/Acacia%20tenuissima.jpg Annie and Al Cameron (no clear copyright),nyintirriyilpi,watiya-warnu,minyana,,,,,,,,,,,
HairyMullaMulla.jpg,traditional,,,© Sarah Koschak,,http://www.listeningearth.com.au/pages/gallery/HairyMullaMulla.html Photography © Sarah Koschak,mintiparrurnu,kukapardu,kuyupardu-kuyupardu,mintipaarnu,mintiparrurnu,mintipawurnu,mirntiparnu,warnaparnapa,warnaparnapi,warntaparntapi,,,,
emu.jpg,traditional,,,© Sarah Koschak,,http://www.listeningearth.com.au/ Photography © Sarah Koschak,karlaya,karnanganja,kuna-maju,pirilyi-ngarnu,wanya-parnta,yankirri,,,,,,,,
OatKanga1.jpg,traditional,,,"© Northern Territory Government, 2000",,"© 2000 Northern Territory Government COMMON GRASSES OF CENTRAL AUSTRALIA By Mandy Bowman, Daryl King, Simon Reu & Rohan Fisher Land Resources Southern Region. P.O. BOX 1512 Alice Springs NT 0871 Themeda avenacea Oat Kangaroo grass",kurnturlja,yinjiri,,,,,,,,,,,,
OatKanga2.jpg,traditional,,,"© Northern Territory Government, 2000",,"© 2000 Northern Territory Government COMMON GRASSES OF CENTRAL AUSTRALIA By Mandy Bowman, Daryl King, Simon Reu & Rohan Fisher Land Resources Southern Region. P.O. BOX 1512 Alice Springs NT 0871 Themeda avenacea Oat Kangaroo grass",kurnturlja,yinjiri,,,,,,,,,,,,
"# Probably CDM, source unclear (from when I lost newer version of images.dat, etc.); some seem to be ANBG",,,,,,,,,,,,,,,,,,,,
AcaciaAneuraFruit.jpg,traditional,Acacia aneura,,© Australian National Botanic Gardens,,,manja,wardiji,,,,,,,,,,,,
AcaciaAneuraWoodland.jpg,traditional,Acacia aneura,,© Australian National Botanic Gardens,,,manja,wardiji,,,,,,,,,,,,
AcaciaCoriaceaFruit.jpg,traditional,,,© Nic Gambold,,,pirlarla,wakirlpirri,yinjirrpi,,,,,,,,,,,
AmyemaMaideniFruit.jpg,traditional,"Amyema, Lysiana",,© Fiona Walsh,,,jankirni,ngamari,yunkurrmu,,,,,,,,,,,
BrachychitonGregoriiFruit.jpg,traditional,Brachychiton gregorii,,© Fiona Walsh,,,ngalta,,,,,,,,,,,,,
BrachychitonParadoxFruit.jpg,traditional,Brachychiton paradoxum,,D. Greig © Australian National Botanic Gardens,,,miyaka,,,,,,,,,,,,,
CanthiumLatifoliumFruit.jpg,traditional,,,© Fiona Walsh,,,lirra-manu,wakuwarlpa,yarrarntinyi,yawakiyi,yawalyurru,,,,,,,,,
ClerodenFloriFlowerFruit.jpg,traditional,,,© Fiona Walsh,,,jatipiji,jatupiji,punayi,wijilypi,,,,,,,,,,
Sarcostemma-australe-002087.jpg,traditional,Sarcostemma australe,"Caustic vine, Snake plant","J. Plaza 1989 © Royal Botanic Gardens &amp; Domain Trust, Sydney Australia",, in Sturt National Park NSW.,kupukupu,,,,,,,,,,,,,
Sarcostemma1.jpg,traditional,Sarcostemma australe,"Caustic vine, Snake plant",,http://www.botgard.ucla.edu/html/botanytextbooks/lifeforms/climbingplants/a0350tx.html,,kupukupu,,,,,,,,,,,,,
YellowBilledSpoonbill1800.jpg,traditional,,,© Ian Montgomery,,,kurrkali,yurrkali,,,,,,,,,,,,
YellowBilledSpoonbill1801.jpg,traditional,,,© Ian Montgomery,,,kurrkali,yurrkali,,,,,,,,,,,,
lmuelive2.jpg,traditional,Lerista sp.,,Peter Robertson © Museum Victoria,,,liwirringki,,,,,,,,,,,,,
senna-artemisioides.jpg,traditional,,,Andrew Lyne © ANBG,,,marnturlpu*1*,purntu*2*,,,,,,,,,,,,
zebra_finch_1.jpg,traditional,Poephila guttata,,© Frank O'Connor,,,jiyiki,nyinyi,yinjirnmarri,,,,,,,,,,,
#,,,,,,,,,,,,,,,,,,,,
# anbg2000s – Photos collected from Australian National Botanic Gardens pages in the early 2000s,,,,,,,,,,,,,,,,,,,,
#,,,,,,,,,,,,,,,,,,,,
acacia-inaeq.jpg,anbg2000s,,,© Australian National Botanic Gardens,http://www.anbg.gov.au/images/photo_cd/mimosaceae/,,janjinki,janjinngi,,,,,,,,,,,,
acacia-stip.jpg,anbg2000s,,,© Australian National Botanic Gardens,http://www.anbg.gov.au/images/photo_cd/mimosaceae/,,jirrpirinypa,,,,,,,,,,,,,
acacia-murr1.jpg,anbg2000s,,,M. Fagg © Australian National Botanic Gardens,http://www.anbg.gov.au/images/photo_cd/mimosaceae/,,juntala,,,,,,,,,,,,,
acacia-murr2.jpg,anbg2000s,,,D. Greig © Australian National Botanic Gardens,http://www.anbg.gov.au/images/photo_cd/mimosaceae/,,juntala,,,,,,,,,,,,,
acacia-vict1.jpg,anbg2000s,,,© Australian National Botanic Gardens,http://www.anbg.gov.au/images/photo_cd/mimosaceae/,,kanaparlku,yalupu,yarlirti,,,,,,,,,,,
acacia-vict2.jpg,anbg2000s,,,© Australian National Botanic Gardens,http://www.anbg.gov.au/images/photo_cd/mimosaceae/,,kanaparlku,yalupu,yarlirti,,,,,,,,,,,
acacia-mait.jpg,anbg2000s,,,© Australian National Botanic Gardens,http://www.anbg.gov.au/images/photo_cd/mimosaceae/,,kurdurrurdururru,,,,,,,,,,,,,
acacia-aneu1.jpg,anbg2000s,,,© Australian National Botanic Gardens,http://www.anbg.gov.au/images/photo_cd/mimosaceae/,,manja,yarlpilyardu,,,,,,,,,,,,
acacia-aneu2.jpg,anbg2000s,,,© Australian National Botanic Gardens,http://www.anbg.gov.au/images/photo_cd/mimosaceae/,,manja,yarlpilyardu,,,,,,,,,,,,
acacia-aneu3.jpg,anbg2000s,,,© Australian National Botanic Gardens,http://www.anbg.gov.au/images/photo_cd/mimosaceae/,,manja,yarlpilyardu,,,,,,,,,,,,
acacia-aneu4.jpg,anbg2000s,,,© Australian National Botanic Gardens,http://www.anbg.gov.au/images/species/,,manja,yarlpilyardu,,,,,,,,,,,,
acacia-dict.jpg,anbg2000s,,,© Australian National Botanic Gardens,http://www.anbg.gov.au/images/photo_cd/mimosaceae/,,wurrpardi,matutu,marlarntarrpa,patutu,,,,,,,,,,
acacia-lysi.jpg,anbg2000s,,,© Australian National Botanic Gardens,http://www.anbg.gov.au/images/photo_cd/mimosaceae/,,murlurrpa,,,,,,,,,,,,,
acacia-holo1.jpg,anbg2000s,,,© Australian National Botanic Gardens,http://www.anbg.gov.au/images/photo_cd/mimosaceae/,,ngardurrkura,,,,,,,,,,,,,
acacia-holo2.jpg,anbg2000s,,,© Australian National Botanic Gardens,http://www.anbg.gov.au/images/photo_cd/mimosaceae/,,ngardurrkura,,,,,,,,,,,,,
acacia-kemp.jpg,anbg2000s,,,© Australian National Botanic Gardens,http://www.anbg.gov.au/images/photo_cd/mimosaceae/,,ngalkirdi,ngarlkirdi,,,,,,,,,,,,
acacia-cuth.jpg,anbg2000s,,,© Australian National Botanic Gardens,http://www.anbg.gov.au/images/photo_cd/mimosaceae/,,ngarlingarli*2*,pirliyi,,,,,,,,,,,,
acacia-anci.jpg,anbg2000s,,,© Australian National Botanic Gardens,http://www.anbg.gov.au/images/photo_cd/mimosaceae/,,pirraru,wartarurru,,,,,,,,,,,,
acacia-tetra.jpg,anbg2000s,,,© Australian National Botanic Gardens,http://www.anbg.gov.au/images/photo_cd/301610241330/070.html Acacia tetragonophylla,,kurarra,,,,,,,,,,,,,
acacia-ligulata.jpg,anbg2000s,,,© Australian National Botanic Gardens,http://www.anbg.gov.au/images/photo_cd/301610241319/063.html,,wardarrka,,,,,,,,,,,,,
eremophila-longifolia.jpg,anbg2000s,,,© Australian National Botanic Gardens,http://www.anbg.gov.au/images/photo_cd/myoporaceae/,,kuna-parnta,ngarlurrpu,winarnkuru,lukulyuku,,,,,,,,,,
eremophila-duttonii.jpg,anbg2000s,,,© Australian National Botanic Gardens,http://www.anbg.gov.au/images/photo_cd/myoporaceae/,,yakunjiyi,,,,,,,,,,,,,
eucalyptus-pach1.jpg,anbg2000s,,,© Australian National Botanic Gardens,,Red-bud mallee http://www.anbg.gov.au/images/photo_cd/myrtaceae/,warrulyu,jitirlpuru,walyilpi,juturlpuru,warrilyi,jitilypuru,,,,,,,,
eucalyptus-pach2.jpg,anbg2000s,,,© Australian National Botanic Gardens,,Red-bud mallee http://www.anbg.gov.au/images/photo_cd/myrtaceae/,warrulyu,jitirlpuru,walyilpi,juturlpuru,warrilyi,jitilypuru,,,,,,,,
ficus-platypoda.jpg,anbg2000s,,,© Australian National Botanic Gardens,,http://www.anbg.gov.au/images/photo_cd/moraceae/,wijirrki,,,,,,,,,,,,,
ipomoea-costata.jpg,anbg2000s,,Rock morning glory flower,© Australian National Botanic Gardens,http://www.anbg.gov.au/images/photo_cd/convolvulaceae/ ,,jijardu,jirtardu,wapi,yaljirrpa,watarlapi,puurda,papirta,yangurnungu,yarla,paparda,,,,
grevillea-wick.jpg,anbg2000s,,,© Australian National Botanic Gardens,http://www.anbg.gov.au/images/photo_cd/proteaceae/ Grevillea wickhamii,,lakarrpara,karlkarangi,,,,,,,,,,,,
grevillea-erio.jpg,anbg2000s,,,© Australian National Botanic Gardens,http://www.anbg.gov.au/images/photo_cd/proteaceae/,,tipa,walunarri,,,,,,,,,,,,
grevillea-junc.jpg,anbg2000s,,,© Australian National Botanic Gardens,http://www.anbg.gov.au/images/photo_cd/proteaceae/,,walunarri,wiyinyari,wirrpinyaru,yurltukunpa,,,,,,,,,,
grevillea-sten.jpg,anbg2000s,,,© Australian National Botanic Gardens,http://www.anbg.gov.au/images/photo_cd/proteaceae/,,wirrpinyaru,wiyinyari,,,,,,,,,,,,
grevillea-stri.jpg,anbg2000s,,,© Australian National Botanic Gardens,http://www.anbg.gov.au/images/photo_cd/proteaceae/,,yilykinji,yiltilypa,,,,,,,,,,,,
hakea-leuc.jpg,anbg2000s,,,© Australian National Botanic Gardens,http://www.anbg.gov.au/images/photo_cd/proteaceae/,,marawakalpa,yimara,,,,,,,,,,,,
hakea-eyre.jpg,anbg2000s,,,© Australian National Botanic Gardens,http://www.anbg.gov.au/images/photo_cd/proteaceae/,,piriwa,parawuju,yarrkampi,nguyu-parnta,yunjuyu,,,,,,,,,
hakea-chor.jpg,anbg2000s,,,© Australian National Botanic Gardens,,http://www.anbg.gov.au/images/photo_cd/proteaceae/ Hakea chordophylla,piriwa,nguyu-parnta,yarrkampi,,,,,,,,,,,
EucalyptusTerminalis.jpg,anbg2000s,,,D. Greig © Australian National Botanic Gardens,,"http://155.187.10.12/images/photo_cd/9J18G113797/042.html Photographer: Greig, D. ANBG Photo No.: a.12555",wirrkali,wurrkali*1*,,,,,,,,,,,,
AcaciaTetragonophylla1.jpg,anbg2000s,,,Andrew Lyne © Australian National Botanic Gardens,,"http://155.187.10.12/images/species/acacia-tetragonophylla1.html Photo: Andrew Lyne, December 1995. This image is copyright.",kurarra,,,,,,,,,,,,,
AcaciaTetragonophylla2.jpg,anbg2000s,,,Andrew Lyne © Australian National Botanic Gardens,,"http://155.187.10.12/images/species/acacia-tetragonophylla1.html Photo: Andrew Lyne, December 1995. This image is copyright.",kurarra,,,,,,,,,,,,,
# CDM added Aug 2001,,,,,,,,,,,,,,,,,,,,
acacia-ancistrocarpa.jpg,anbg2000s,,,F. Humphreys © Australian National Botanic Gardens,,"Photographer: Humphreys, F. ANBG Photo No.: a.7000 http://www.anbg.gov.au/acacia/photo-list.html",pirraru,,,,,,,,,,,,,
capparis-lasiantha.jpg,anbg2000s,,,M. Fagg © Australian National Botanic Gardens,,"Capparis lasiantha Photographer: Fagg, M. ANBG Photo No.: a.4657 http://www.anbg.gov.au/images/photo_cd/",papingi,,,,,,,,,,,,,
crinum-flaccidum1.jpg,anbg2000s,Crinum flaccidum,,Andrew Lyne © Australian National Botanic Gardens,,"Herb. (AMARYLLIDACEAE) Darling Lily, Macquarie Lily or Murray Lily. This plant is growing in the Australian National Botanic Gardens, Canberra. Photo: Andrew Lyne, February, 1997.",ngarlirlkarlirlki,yarlilykarlilyki,yarlirlkarlirlki,marnampi,,,,,,,,,,
crinum-flaccidum2.jpg,anbg2000s,Crinum flaccidum,,Andrew Lyne © Australian National Botanic Gardens,,"Crinum flaccidum Herb. (AMARYLLIDACEAE) Darling Lily, Macquarie Lily or Murray Lily. This plant is growing in the Australian National Botanic Gardens, Canberra. Photo: Andrew Lyne, February, 1997.",ngarlirlkarlirlki,yarlilykarlilyki,yarlirlkarlirlki,marnampi,,,,,,,,,,
parkinsonia-aculeata.jpg,anbg2000s,Parkinsonia aculeata,,M. Fagg © Australian National Botanic Gardens,,"Photographer: Fagg, M. ANBG Photo No.: a.12210 http://www.anbg.gov.au/images/photo_cd/",paka-paka*1*,,,,,,,,,,,,,
"# CDM added Sep 2001 (mainly D. Greig, ANBG)",,,,,,,,,,,,,,,,,,,,
ipomoea-muelleri-016_2.jpg,anbg2000s,,,D. Greig © Australian National Botanic Gardens,,"Photographer: Greig, D. ANBG Photo No.: a.12927 http://www.anbg.gov.au/images/photo_cd/OF31S010626/016.html",ngarlangkartapi,yutajiti,,,,,,,,,,,,
acacia-tetra-014_2.jpg,anbg2000s,,,D. Greig © Australian National Botanic Gardens,"http://www.anbg.gov.au/images/photo_cd/9J18G113797/014_2.jpg Greig, D Acacia tetragonophylla",,kurarra,,,,,,,,,,,,,
acacia-spond-013_2.jpg,anbg2000s,,,D. Greig © Australian National Botanic Gardens,http://www.anbg.gov.au/images/photo_cd/9J18G113797/013_2.jpg Acacia spondylophylla,,puntalji,,,,,,,,,,,,,
acacia-estro-002_2.jpg,anbg2000s,,,D. Greig © Australian National Botanic Gardens,http://www.anbg.gov.au/images/photo_cd/9J18G113797/002_2.jpg,,wajarnpi,walirri,yajarnpi,,,,,,,,,,,
acacia-cori-003_2.jpg,anbg2000s,,,D. Greig © Australian National Botanic Gardens,http://www.anbg.gov.au/images/photo_cd/9J18G113797/003_2.jpg,,wakirlpirri,,,,,,,,,,,,,
acacia-hemi-004_2.jpg,anbg2000s,,,D. Greig © Australian National Botanic Gardens,http://www.anbg.gov.au/images/photo_cd/9J18G113797/004_2.jpg,,kiji,,,,,,,,,,,,,
acacia-holo-005_2.jpg,anbg2000s,,,D. Greig © Australian National Botanic Gardens,http://www.anbg.gov.au/images/photo_cd/9J18G113797/005_2.jpg,,ngardurrkura,,,,,,,,,,,,,
acacia-kemp-006_2.jpg,anbg2000s,,,D. Greig © Australian National Botanic Gardens,http://www.anbg.gov.au/images/photo_cd/9J18G113797/006_2.jpg,,ngalkirdi,ngarlkirdi,,,,,,,,,,,,
acacia-kemp-007_2.jpg,anbg2000s,,,D. Greig © Australian National Botanic Gardens,http://www.anbg.gov.au/images/photo_cd/9J18G113797/007_2.jpg,,ngalkirdi,ngarlkirdi,,,,,,,,,,,,
acacia-kemp-008_2.jpg,anbg2000s,,,D. Greig © Australian National Botanic Gardens,http://www.anbg.gov.au/images/photo_cd/9J18G113797/008_2.jpg,,ngalkirdi,ngarlkirdi,,,,,,,,,,,,
acacia-kemp-009_2.jpg,anbg2000s,,,D. Greig © Australian National Botanic Gardens,http://www.anbg.gov.au/images/photo_cd/9J18G113797/009_2.jpg,,ngalkirdi,ngarlkirdi,,,,,,,,,,,,
allocasuarina-dec-018_2.jpg,anbg2000s,,,D. Greig © Australian National Botanic Gardens,http://www.anbg.gov.au/images/photo_cd/9J18G113797/018_2.jpg,,kurrkara,kurrkapi,,,,,,,,,,,,
atalaya-hemi-020_2.jpg,anbg2000s,,,D. Greig © Australian National Botanic Gardens,http://www.anbg.gov.au/images/photo_cd/9J18G113797/020_2.jpg,,wanukurdu,,,,,,,,,,,,,
atalaya-hemi-021_2.jpg,anbg2000s,,,D. Greig © Australian National Botanic Gardens,http://www.anbg.gov.au/images/photo_cd/9J18G113797/021_2.jpg,,wanukurdu,,,,,,,,,,,,,
brachychiton-para-022_2.jpg,anbg2000s,,,D. Greig © Australian National Botanic Gardens,http://www.anbg.gov.au/images/photo_cd/9J18G113797/022_2.jpg,,miyaka,,,,,,,,,,,,,
calandrinia-balo-024_2.jpg,anbg2000s,,,D. Greig © Australian National Botanic Gardens,http://www.anbg.gov.au/images/photo_cd/9J18G113797/024_2.jpg,,parrkilyi,patanjarrngi,,,,,,,,,,,,
calocephalus-platy-026_2.jpg,anbg2000s,,,D. Greig © Australian National Botanic Gardens,http://www.anbg.gov.au/images/photo_cd/9J18G113797/026_2.jpg,,yunpayi-yunpayi,,,,,,,,,,,,,
clerodendrum-flori-050_2.jpg,anbg2000s,,,D. Greig © Australian National Botanic Gardens,http://www.anbg.gov.au/images/photo_cd/632030813548/050_2.jpg,,wijilypi,,,,,,,,,,,,,
eucalyptus-setosa-046_2.jpg,anbg2000s,,,D. Greig © Australian National Botanic Gardens,http://www.anbg.gov.au/images/photo_cd/9J18G113797/046_2.jpg,,yilangkiyi,yilangkurrunyu,yirlangkurrunyu,,,,,,,,,,,
eucalyptus-setosa-047_2.jpg,anbg2000s,,,D. Greig © Australian National Botanic Gardens,http://www.anbg.gov.au/images/photo_cd/9J18G113797/047_2.jpg,,yilangkiyi,yilangkurrunyu,yirlangkurrunyu,,,,,,,,,,,
eucalyptus-setosa-048_2.jpg,anbg2000s,,,D. Greig © Australian National Botanic Gardens,http://www.anbg.gov.au/images/photo_cd/9J18G113797/048_2.jpg,,yilangkiyi,yilangkurrunyu,yirlangkurrunyu,,,,,,,,,,,
erythrina-ves-059_2.jpg,anbg2000s,,,D. Greig © Australian National Botanic Gardens,http://www.anbg.gov.au/images/photo_cd/9J18G113797/059_2.jpg,,yinirnti,,,,,,,,,,,,,
erythrina-ves-060_2.jpg,anbg2000s,,,D. Greig © Australian National Botanic Gardens,http://www.anbg.gov.au/images/photo_cd/9J18G113797/060_2.jpg,,yinirnti,,,,,,,,,,,,,
eucalyptus-micro-070_2.jpg,anbg2000s,,,D. Greig © Australian National Botanic Gardens,http://www.anbg.gov.au/images/photo_cd/9J18G113797/070_2.jpg,,karrawari,wapilingki,,,,,,,,,,,,
eucalyptus-micro-071_2.jpg,anbg2000s,,,D. Greig © Australian National Botanic Gardens,http://www.anbg.gov.au/images/photo_cd/9J18G113797/071_2.jpg,,yurrunyu,parrawarluru,karrawari,wapilingki,,,,,,,,,,
eucalyptus-pruin-076_2.jpg,anbg2000s,,,D. Greig © Australian National Botanic Gardens,http://www.anbg.gov.au/images/photo_cd/9J18G113797/076_2.jpg,,walanja,,,,,,,,,,,,,
eremophila-latr-088_2.jpg,anbg2000s,,,D. Greig © Australian National Botanic Gardens,http://www.anbg.gov.au/images/photo_cd/9J18G113797/088_2.jpg,,miinypa,yanyirlingi,,,,,,,,,,,,
eremophila-long-089_2.jpg,anbg2000s,,,D. Greig © Australian National Botanic Gardens,http://www.anbg.gov.au/images/photo_cd/9J18G113797/089_2.jpg,,kuna-parnta,ngarlurrpu,winarnkuru,lukulyuku,,,,,,,,,,
grevillea-junc-005_2.jpg,anbg2000s,,,D. Greig © Australian National Botanic Gardens,http://www.anbg.gov.au/images/photo_cd/OF31S010626/005_2.jpg,,walunarri,wiyinyari,wirrpinyaru,yurltukunpa,,,,,,,,,,
hakea-chordo-007_2.jpg,anbg2000s,,,D. Greig © Australian National Botanic Gardens,http://www.anbg.gov.au/images/photo_cd/OF31S010626/007_2.jpg,,piriwa,nguyu-parnta,yarrkampi,,,,,,,,,,,
hakea-chordo-008_2.jpg,anbg2000s,,,D. Greig © Australian National Botanic Gardens,http://www.anbg.gov.au/images/photo_cd/OF31S010626/008_2.jpg,,piriwa,nguyu-parnta,yarrkampi,,,,,,,,,,,
hakea-eyre-009_2.jpg,anbg2000s,,,D. Greig © Australian National Botanic Gardens,http://www.anbg.gov.au/images/photo_cd/OF31S010626/009_2.jpg,,piriwa,parawuju,yarrkampi,nguyu-parnta,yunjuyu,,,,,,,,,
hakea-eyre-010_2.jpg,anbg2000s,,,D. Greig © Australian National Botanic Gardens,http://www.anbg.gov.au/images/photo_cd/OF31S010626/010_2.jpg,,piriwa,parawuju,yarrkampi,nguyu-parnta,yunjuyu,,,,,,,,,
hakea-eyre-011_2.jpg,anbg2000s,,,D. Greig © Australian National Botanic Gardens,http://www.anbg.gov.au/images/photo_cd/OF31S010626/011_2.jpg,,piriwa,parawuju,yarrkampi,nguyu-parnta,yunjuyu,,,,,,,,,
hakea-macro-012_2.jpg,anbg2000s,,,D. Greig © Australian National Botanic Gardens,http://www.anbg.gov.au/images/photo_cd/OF31S010626/012_2.jpg,,yukunji,,,,,,,,,,,,,
melaleuca-glom-026_2.jpg,anbg2000s,,,D. Greig © Australian National Botanic Gardens,http://www.anbg.gov.au/images/photo_cd/OF31S010626/026_2.jpg,,kupangardi,pakarli,,,,,,,,,,,,
petalostylus-cassi-037_2.jpg,anbg2000s,,,D. Greig © Australian National Botanic Gardens,http://www.anbg.gov.au/images/photo_cd/OF31S010626/037_2.jpg,,jakanypa,,,,,,,,,,,,,
pterocaulon-serru-044_2.jpg,anbg2000s,,,D. Greig © Australian National Botanic Gardens,http://www.anbg.gov.au/images/photo_cd/OF31S010626/044_2.jpg,,jungarrayi-jungarrayi,,,,,,,,,,,,,
pterocaulon-spha-045_2.jpg,anbg2000s,,,D. Greig © Australian National Botanic Gardens,http://www.anbg.gov.au/images/photo_cd/OF31S010626/045_2.jpg,,jiji-minyiminyi,,,,,,,,,,,,,
sida-platy-062_2.jpg,anbg2000s,,,D. Greig © Australian National Botanic Gardens,http://www.anbg.gov.au/images/photo_cd/OF31S010626/062_2.jpg,,ngamirdamirdi,,,,,,,,,,,,,
sida-platy-063_2.jpg,anbg2000s,,,D. Greig © Australian National Botanic Gardens,http://www.anbg.gov.au/images/photo_cd/OF31S010626/063_2.jpg,,ngamirdamirdi,,,,,,,,,,,,,
# End of old non-Central Imagebank images,,,,,,,,,,,,,,,,,,,,
#,,,,,,,,,,,,,,,,,,,,
# capb-cd1 – Central Australian Imagebank CD #1,,,,,,,,,,,,,,,,,,,,
#,,,,,,,,,,,,,,,,,,,,
gemmatophora1.jpg,capb-cd1,Gemmatophora longirositris,,© Nic Gambold,,Gemmatophora longirositris,yurduwaruwaru,ngawurrpunju,yurdiwaruwaru,karlarnjirri,ngawurrupunju,,,,,,,,,
moloch2.jpg,capb-cd1,Moloch horridus,,© Nic Gambold,,Moloch horridus,mirnirri,,,,,,,,,,,,,
ctenophorus3.jpg,capb-cd1,Ctenophorus caudicinctus,,© Nic Gambold,,Ctenophorus caudicinctus,yirdikanjinarri,,,,,,,,,,,,,
simoselaps4.jpg,capb-cd1,,,© Nic Gambold,,Simoselaps semifaciatus (burrowing snake),,,,,,,,,,,,,,
ctenophorus5.jpg,capb-cd1,Ctenophorus nuchalis,,© Nic Gambold,,,japurta,kanari,karnari,kilyawu,warrparlarli,,,,,,,,,
diporiphora6.jpg,capb-cd1,Diporiphora lalliae,,© Nic Gambold,,,,,,,,,,,,,,,,
ctenophorus7.jpg,capb-cd1,Ctenophorus isolepis,,© Nic Gambold,,,kurluparri,kirany-kiranypa,rapa-pungu,wiji-pardu,,,,,,,,,,
ctenotus8.jpg,capb-cd1,Ctenotus patherinus,,© Nic Gambold,,,,,,,,,,,,,,,,
ctenotus9.jpg,capb-cd1,Ctenotus leae,,© Nic Gambold,,,,,,,,,,,,,,,,
egernia10.jpg,capb-cd1,Egernia striata,,© Nic Gambold,,,milyirtiri,,,,,,,,,,,,,
tiliqua11.jpg,capb-cd1,Tiliqua multifasciata,,© Nic Gambold,,,lungkarda,palyupalyu,luma,,,,,,,,,,,
egernia12.jpg,capb-cd1,Egernia inornata,,© Nic Gambold,,,,,,,,,,,,,,,,
egernia13.jpg,capb-cd1,Egernia kintorei,,© Nic Gambold,,,warrarna,jalupa,wilana,kunarlirrpi,yarrukurlu,,,,,,,,,
tiliqua14.jpg,capb-cd1,Tiliqua scincoides,,© Nic Gambold,,,julurliya,jurlurliya,,,,,,,,,,,,
morethia15.jpg,capb-cd1,Morethia ruficauda,,© Nic Gambold,,,,,,,,,,,,,,,,
diplodactylus16.jpg,capb-cd1,Diplodactylus elderii,,© Nic Gambold,,,,,,,,,,,,,,,,
pogona17.jpg,capb-cd1,Pogona mitchelli,,© Nic Gambold,,,yankarta,yinkarta,,,,,,,,,,,,
varanus18.jpg,capb-cd1,Varanus eremius,,© Nic Gambold,,,jirrpinta,,,,,,,,,,,,,
varanus19.jpg,capb-cd1,Varanus gouldii,,© Nic Gambold,,,jirrirlpa,kapirra,kirrapa,kurrkardi,luwajirri,milpa-wirlki,mirikari,parntukari,pilja,wardapi,,,,
varanus20.jpg,capb-cd1,Varanus panoptes,,© Nic Gambold,,,jarrampayi,kalawurru,parnta-ngarna,,,,,,,,,,,
varanus21.jpg,capb-cd1,Varanus giganteus,,© Nic Gambold,,,mulyu-rlinji,ngintaka,paka-parnta,pakawurru,pula,pulalypa,wajunpu,,,,,,,
varanus22.jpg,capb-cd1,Varanus tristis,,© Nic Gambold,,,kardiji-nguyu,walpangkurra,walpirda,,,,,,,,,,,
varanus23.jpg,capb-cd1,Varanus brevicauda,,© Nic Gambold,,,,,,,,,,,,,,,,
varanus24.jpg,capb-cd1,Varanus acanthurus,,© Nic Gambold,,,nyinjirri,,,,,,,,,,,,,
varanus25.jpg,capb-cd1,Varanus spenceri,,© Nic Gambold,,,mangirriji,,,,,,,,,,,,,
aspidites26.jpg,capb-cd1,Aspidites melanocephalus,,© Nic Gambold,,,mulyu-kuna,yurnturrkinyi,yurnturrkunyu,,,,,,,,,,,
ramphotyphlops27.jpg,capb-cd1,Ramphotyphlops endoterus,,© Nic Gambold,,,kankulyuralyura,,,,,,,,,,,,,
pseudaja28.jpg,capb-cd1,Pseudnaja modesta,,© Nic Gambold,,,jarlupala,,,,,,,,,,,,,
pseudechis29.jpg,capb-cd1,Pseudechis australis,,© Nic Gambold,,,jamparli,kuwarlija,lingka,,,,,,,,,,,
antiaris30.jpg,capb-cd1,Antiaris stimsonii,,© Nic Gambold,,,milpirrji,milwarna,milwayi,nyinki,rdajalpa,yuluwayi,,,,,,,,
morelia31.jpg,capb-cd1,Morelia bredli,,© Nic Gambold,,,mantikarri,yintajirrki,,,,,,,,,,,,
nephrurus32.jpg,capb-cd1,Nephrurus levis,,© Nic Gambold,,,yumarimari,,,,,,,,,,,,,
lialis33.jpg,capb-cd1,Lialis burtonis,,© Nic Gambold,,,yalypinjalypinji,,,,,,,,,,,,,
diplodactylus34.jpg,capb-cd1,Diplodactylus ciliaris,,© Nic Gambold,,,pirirrpa,,,,,,,,,,,,,
pygopus35.jpg,capb-cd1,Pygopus nigriceps,,© Nic Gambold,,,,,,,,,,,,,,,,
emu36.jpg,capb-cd1,,,© Nic Gambold,,Emu(adult),karlaya,karnanganja,kuna-maju,pirilyi-ngarnu,wanya-parnta,yankirri,,,,,,,,
cockatoo37.jpg,capb-cd1,,,© Nic Gambold,,Sulphur-crested Cockatoo,,,,,,,,,,,,,,
tawnyfrogmouth38.jpg,capb-cd1,,,© Nic Gambold,,Tawny Frogmouth,nguru*2*,nguri,lirra-kulpi,kurrurlkurrurlpa,lirra-jaturlpi,yuparli-purrangu,yuparli-ngarnu,nunungku,lirra-warlpurrku,nyuri*2*,,,,
notoden39.jpg,capb-cd1,,,© Nic Gambold,,Notoden nichollsi,purru-parnta,wardarranji,,,,,,,,,,,,
uperoliea40.jpg,capb-cd1,,,© Nic Gambold,,Uperoliea micromeles,,,,,,,,,,,,,,
litoria41.jpg,capb-cd1,,,© Nic Gambold,,Litoria rubella,,,,,,,,,,,,,,
fish42.jpg,capb-cd1,,,© Nic Gambold,,Fish,yaku*1*,yirrpinngi,liwanja,yawu*2*,,,,,,,,,,
echidna43.jpg,capb-cd1,,,© Nic Gambold,,Echidna,yinarlingi,nyinawirdi,yunuwalyingi,jiri-parnta,nyinyiwarri,nyinawurdu,pujarlingi,jilka-marda,jilka-parnta,,,,,
horse44.jpg,capb-cd1,,,© Nic Gambold,,Horse,nantuwu,timana,,,,,,,,,,,,
bull45.jpg,capb-cd1,,,© Nic Gambold,,Bull (Bos),,,,,,,,,,,,,,
camel46.jpg,capb-cd1,,,© Nic Gambold,,Camel,kawartawara,,,,,,,,,,,,,
bilbyburrow47.jpg,capb-cd1,,,© Nic Gambold,,Bilby Burrow,ngirnti-jinjinyki,walpajirri,ngarlkirdi-ngarnu,nini,nyirrpirda,jarlku,jawinji,yarningi,ngarlaparaji,nyarlku,,,,
crab48.jpg,capb-cd1,,,© Nic Gambold,,Freshwater crab,kurdijingijingi,lukunku,ngartarta,,,,,,,,,,,
mussel49.jpg,capb-cd1,,,© Nic Gambold,,Freshwater Mussel,tangkila,wilangana,,,,,,,,,,,,
pseudonaja50.jpg,capb-cd1,,,© Nic Gambold,,Pseudonaja nuchalis,jalkarrara,,,,,,,,,,,,,
gehyra51.jpg,capb-cd1,,,© Nic Gambold,,Gehyra variegata,nguwa,warlura,,,,,,,,,,,,
simoselaps52.jpg,capb-cd1,,,© Nic Gambold,,Simoselaps roperi,,,,,,,,,,,,,,
acanthophis53.jpg,capb-cd1,,,© Nic Gambold,,Acanthophis pyrrhus,walya-walya,nyirnkilya,nyirnkilyka,jutiya,,,,,,,,,,
suta54.jpg,capb-cd1,,,© Nic Gambold,,Suta punctata,marnakiji-purrangu,marnikiji-purrangu,kalyilpa*1*,,,,,,,,,,,
spider55.jpg,capb-cd1,,,© Nic Gambold,,Spider (trap-door),yinarrki,,,,,,,,,,,,,
grub56.jpg,capb-cd1,,,© Nic Gambold,,Witchetty Grub,laju,miyamiya,yipilanji,manyani,wankilinyi,wartapartapi,kalikali,wartapirtapi,wardingi,,,,,
grasshopper57.jpg,capb-cd1,,,© Nic Gambold,,Grass-hopper,jintilyka,mikala,,,,,,,,,,,,
caterpillar58.jpg,capb-cd1,,,© Nic Gambold,,Cup-moth Catepillar (stinging type),,,,,,,,,,,,,,
caterpillar59.jpg,capb-cd1,,,© Nic Gambold,,Processionary (Arctiid) catepillar ,pakurujunpurrpa,yinarrki,,,,,,,,,,,,
scutelarid60.jpg,capb-cd1,,,© Nic Gambold,,Scutelarid Bug,,,,,,,,,,,,,,
phasmid61.jpg,capb-cd1,,,© Nic Gambold,,Phasmid (giant),nyinnga*1*,,,,,,,,,,,,,
grasshopper62.jpg,capb-cd1,,,© Nic Gambold,,Grass-hopper,jintilyka,mikala,,,,,,,,,,,,
spider63.jpg,capb-cd1,,,© Nic Gambold,,Barking Spider,mamupururnpa,,,,,,,,,,,,,
mantis64.jpg,capb-cd1,,,© Nic Gambold,,Preying mantis,yuljulju,,,,,,,,,,,,,
coolibah65.jpg,capb-cd1,,,© Nic Gambold,,Coolibah Gall,wangarla-payipayi,karrkala-payipayi,,,,,,,,,,,,
cicada66.jpg,capb-cd1,,,© Nic Gambold,,Cicada,warnpirnpa,,,,,,,,,,,,,
wasp67.jpg,capb-cd1,,,© Nic Gambold,,Bloodwood Wasp,warnparnpi,,,,,,,,,,,,,
caterpillar68.jpg,capb-cd1,,,© Nic Gambold,,Looper Caterpillar,wayipi-pama,,,,,,,,,,,,,
terete69.jpg,capb-cd1,,,© Nic Gambold,,Termite mound terete,mingkirri,pirlpanji,,,,,,,,,,,,
beetle70.jpg,capb-cd1,,,© Nic Gambold,,Jewel Beetle,,,,,,,,,,,,,,
ant71.jpg,capb-cd1,,,© Nic Gambold,,Mulga Ant,,,,,,,,,,,,,,
mulga72.jpg,capb-cd1,,,© Nic Gambold,,Mulga,wardiji,manja,,,,,,,,,,,,
pea73.jpg,capb-cd1,,,© Fiona Walsh,,Sturt's Desert Pea,,,,,,,,,,,,,,
nicotiana74.jpg,capb-cd1,,,© Fiona Walsh,,Nicotiana (excelsior?) Native tobacco,,,,,,,,,,,,,,
solanum75.jpg,capb-cd1,,,© Nic Gambold,,Solanum cleistoganum,yipirntiri,,,,,,,,,,,,,
hakea76.jpg,capb-cd1,,,© Nic Gambold,,Hakea suberea,,,,,,,,,,,,,,
acacia77.jpg,capb-cd1,,,© Nic Gambold,,Acacia hemignosta,kiji,,,,,,,,,,,,,
grevillea78.jpg,capb-cd1,,,© Nic Gambold,,Grevillea juncifolia,tipa,walunarri,,,,,,,,,,,,
crotalaria79.jpg,capb-cd1,,,© Nic Gambold,,Crotalaria cunninghamii,,,,,,,,,,,,,,
calytrix80.jpg,capb-cd1,,,© Nic Gambold,,Calytrix longiflora,yarlpurru-yarlpurru,,,,,,,,,,,,,
grevillea81.jpg,capb-cd1,,,© Nic Gambold,,Grevillea wickhamii,lakarrpara,karlkarangi,,,,,,,,,,,,
owenia82.jpg,capb-cd1,,,© Nic Gambold,,Owenia reticulata,marrarnki,marrawaji,,,,,,,,,,,,
carrisa83.jpg,capb-cd1,,,© Nic Gambold,,Carrisa lanceolata,marnakiji,marningkiji,marningiji,marnikiji,,,,,,,,,,
nardoo84.jpg,capb-cd1,,,© Nic Gambold,,Nardoo; Gambold had yuwurrku but wrong?,,,,,,,,,,,,,,
lysiana85.jpg,capb-cd1,,,© Nic Gambold,,Lysiana spathulata,pawurlirri,ngamari,yarnawurdu,,,,,,,,,,,
calandrinia86.jpg,capb-cd1,,,© Nic Gambold,,Calandrinia balonensis,parrkilyi,patanjarrngi,,,,,,,,,,,,
spinifex87.jpg,capb-cd1,,,© Nic Gambold,,Spinifex (Triodia sp.),kalajirdi,,,,,,,,,,,,,
ipomea88.jpg,capb-cd1,,,© Nic Gambold,,Ipomea costata,puurda,yarla,,,,,,,,,,,,
grass89.jpg,capb-cd1,,,© Nic Gambold,,Toothbrush grass,puntaru,pintaru,,,,,,,,,,,,
chenopodium90.jpg,capb-cd1,,,© Nic Gambold,,Chenopodium auricomum,,,,,,,,,,,,,,
rhyncharrhena91.jpg,capb-cd1,,,© Nic Gambold,,Rhyncharrhena linearis (Bush bean),,,,,,,,,,,,,,
sterptoglossa92.jpg,capb-cd1,,,© Fiona Walsh,,Sterptoglossa odora,jungarrayi-jungarrayi,,,,,,,,,,,,,
bark93.jpg,capb-cd1,,,© Fiona Walsh,,Bark for Ashes,wurdamirri,,,,,,,,,,,,,
apple94.jpg,capb-cd1,,,© Fiona Walsh,,Blooodwood Gall (Apple),kanta,mangarrayi,,,,,,,,,,,,
thryptomene95.jpg,capb-cd1,,,© Fiona Walsh,,Thryptomene maisonneuvii,,,,,,,,,,,,,,
santalum96.jpg,capb-cd1,,,© Fiona Walsh,,Santalum lanceolatum ,marrkirdi,mukaki,yankurlayi,,,,,,,,,,,
rhagodia97.jpg,capb-cd1,,,© Fiona Walsh,,Rhagodia spinescens,,,,,,,,,,,,,,
bark98.jpg,capb-cd1,,,© Fiona Walsh,,Mini-ritchi Bark,murlurrpa,,,,,,,,,,,,,
leptosema99.jpg,capb-cd1,,,© Fiona Walsh,,Leptosema chambersii,,,,,,,,,,,,,,
scaevola100.jpg,capb-cd1,Scaevola parvifolia,,© Fiona Walsh,,,mungkurr-mungkurrpa,,,,,,,,,,,,,
# End of Central Australian Imagebank CD #1,,,,,,,,,,,,,,,,,,,,
#,,,,,,,,,,,,,,,,,,,,
# ng2001 – Images from photos-20010907_1247,,,,,,,,,,,,,,,,,,,,
#,,,,,,,,,,,,,,,,,,,,
"# These photos are provided just for a limited-edition CD Kirrkirr on the condition that (1) none are to go on the Web,",,,,,,,,,,,,,,,,,,,,
# (2) they are subject to being replaced when superseded by an Imagebank CD which will come soon,,,,,,,,,,,,,,,,,,,,
# Only some of the images in that collection are in this file.,,,,,,,,,,,,,,,,,,,,
YakirraAustraliensisGrass.jpg,ng2001,Yakirra Australiensis,,© Nic Gambold,,Yakirra Australiensis grass,purnujutu,warrupinyi,warrpanji,warripinyi,yitawaji,yukarrija,,,,,,,,
VignaLanceolataVine.jpg,ng2001,,,© Nic Gambold,,,kupurturru,yumurnunju,ngarlajiyi,wijaraku,wapirti,wijaraki,,,,,,,,
VignaLanceolataTubers.jpg,ng2001,,,© Nic Gambold,,,kupurturru,yumurnunju,ngarlajiyi,wijaraku,wapirti,wijaraki,,,,,,,,
ThryptomeneMaisonnShrub.jpg,ng2001,,,© Nic Gambold,,,,,,,,,,,,,,,,
SolanumChippendaleiFruit.jpg,ng2001,,,© Nic Gambold,,,nganjawarli,jarlparrpa,kumpupaja,wanakiji,miyi*1*,kakaja,ngaru,ngayaki,kurla-parnta,,,,,
SolanumChippendHillMorph.jpg,ng2001,,,© Nic Gambold,,,nganjawarli,jarlparrpa,kumpupaja,wanakiji,miyi*1*,kakaja,ngaru,ngayaki,kurla-parnta,,,,,
SolanumCentraleFruit.jpg,ng2001,,,© Nic Gambold,,,yakajirri,kampurarrpa,kararrpa,karturu,,,,,,,,,,
ScaevolaParvifFruitShrub.jpg,ng2001,,,© Fiona Walsh,,,mungkurr-mungkurrpa,,,,,,,,,,,,,
SantalumLanceolatumFruit.jpg,ng2001,,,© Fiona Walsh,,Santalum lanceolatum ,marrkirdi,mukaki,yankurlayi,,,,,,,,,,,
RhyncharrhenLinearisFruit.jpg,ng2001,,,© Nic Gambold,,,purrpalangi,purlpalangi,,,,,,,,,,,,
PodaxisPistillarisFungi.jpg,ng2001,,,© Fiona Walsh,,,ngupungupu,,,,,,,,,,,,,
PandoreaDoratoxylonShrub.jpg,ng2001,,,© Nic Gambold,,,wiinpiri,winpiri,,,,,,,,,,,,
DactylocteniumRadulGrass.jpg,ng2001,,,© Nic Gambold,,,pintaru,puntaru,,,,,,,,,,,,
CyperusBulbosusPlant.jpg,ng2001,,,© Fiona Walsh,,,janmarda,kinyuwurru,pirlapanu,yakanku,yirrakurru,,,,,,,,,
CyperusBulbosusTuber.jpg,ng2001,,,© Fiona Walsh,,,janmarda,kinyuwurru,pirlapanu,yakanku,yirrakurru,,,,,,,,,
CucumisMeloFruit.jpg,ng2001,,,© Fiona Walsh,,,yulkardi,,,,,,,,,,,,,
CalandriniaBalonensis.jpg,ng2001,,,© Nic Gambold,,,parrkilyi,patanjarrngi,,,,,,,,,,,,
#,,,,,,,,,,,,,,,,,,,,
# capb-c2 – Central Australia Piccy Bank CD2,,,,,,,,,,,,,,,,,,,,
#,,,,,,,,,,,,,,,,,,,,
cd2-13.jpg,capb-cd2,Barnardius zonarius,,© David Nash (Copenhagen),,,lapaji,,,,,,,,,,,,,
cd2-14.jpg,capb-cd2,Coracina novaehollandiae,,© John Young,,,pinparlajarrpa,pinpirlijarrpa,,,,,,,,,,,,
cd2-15.jpg,capb-cd2,Rhipidura leucophrys,,© Craig James,,,jintirr-jintirrpa,,,,,,,,,,,,,
cd2-16.jpg,capb-cd2,,,© Craig James,,,jurlaka,majiyampa,parrulka,wardilyka,,,,,,,,,,
cd2-17.jpg,capb-cd2,Halcyon pyrrhopygia,,© Craig James,,,lurnpa,,,,,,,,,,,,,
cd2-18.jpg,capb-cd2,,,© Craig James,,,nyarawu,nyirawu,,,,,,,,,,,,
cd2-19.jpg,capb-cd2,Geophaps plumifera,,© Nic Gambold,,,kurruny-kurrunypa,malyurralyurru,marukurru,ngalyurralyurru,pilyarla-tiri-tiri,rdukurduku-tiri-tiri,yirntarrurarruru,yupurru,,,,,,
cd2-23.jpg,capb-cd2,"Charadrius melanops, Charadrius ruficapillus",,© Craig James,,,pirninypirninypa,pirnirnpirnirnpa,,,,,,,,,,,,
cd2-24.jpg,capb-cd2,Burhinus grallarius,,© Craig James,,,ngamirliri,,,,,,,,,,,,,
cd2-26.jpg,capb-cd2,Ocyphaps lophotes,,© Craig James,,,ngapilkiri,,,,,,,,,,,,,
cd2-27.jpg,capb-cd2,,,© Craig James,,,jalajirrpi,miniyi,pangarra,parnngarra,tirikirri,,,,,,,,,
cd2-28.jpg,capb-cd2,,,© Craig James,,,kuyu-panturnu,milparlarrpa,warlawurru,,,,,,,,,,,
cd2-29.jpg,capb-cd2,,,© Craig James,,,waltaki,warnapari,wirnki-warnu,,,,,,,,,,,
cd2-30.jpg,capb-cd2,,,© Greg Fyfe,,,yanjipiri,yanjipiyi,,,,,,,,,,,,
cd2-31.jpg,capb-cd2,Macropus robustus (erubescens),,© Greg Fyfe,,,kanyarla,kupawarnu,,,,,,,,,,,,
cd2-32.jpg,capb-cd2,Felis catus,,© Philip Hamilton,,,minija,ngalya-turlkunku,ngaya,,,,,,,,,,,
cd2-33.jpg,capb-cd2,Lagorchestes hirsutus,,© Greg Fyfe,,,mala*1*,parlkaparlka,pirlkipirlki,rdipirri,wangku-ngawurrpa,,,,,,,,,
cd2-34.jpg,capb-cd2,,,© Greg Fyfe,,,milpa-ngapa*2*,ngirnti-nguyunguyu,wakulyarri,warru*2*,,,,,,,,,,
cd2-35.jpg,capb-cd2,,,© Craig James,,,jangalarnti,minini,wulyuwulyu,,,,,,,,,,,
cd2-36.jpg,capb-cd2,,,© Greg Fyfe,,,jurru-pirrjirdi,,,,,,,,,,,,,
cd2-37.jpg,capb-cd2,,,© Greg Fyfe,,,marra-pardalypa,,,,,,,,,,,,,
cd2-38.jpg,capb-cd2,,,© Greg Fyfe,,,ngalamanmanpa,wurlarnpungu,,,,,,,,,,,,
cd2-39.jpg,capb-cd2,Bettongia penicillata,,© Greg Fyfe,,,nyanjuwayi,,,,,,,,,,,,,
cd2-40.jpg,capb-cd2,,,© Greg Fyfe,,,marntawajiwaji,pujarr-pujarrpa,,,,,,,,,,,,
cd2-41.jpg,capb-cd2,Notomys alexis,,© Greg Fyfe,,,jungunypa,ngurlunjina,wijala,wijarla,,,,,,,,,,
cd2-42.jpg,capb-cd2,,,© Greg Fyfe,,,kutangi,kutangka,kutangu,pardiki,wajarlurra,,,,,,,,,
cd2-43.jpg,capb-cd2,"Pseudomys hermannsburgensis ?, Mus musculus",,© Craig James,,,minini,wijakuyu,wijala,wijarla,,,,,,,,,,
cd2-44.jpg,capb-cd2,,,© Craig James,,,jurrkapanji,marlu,wawirri,wirli-parnta,yawarrangi,,,,,,,,,
cd2-45.jpg,capb-cd2,,,© Craig James,,,jurrkapanji,marlu,wawirri,wirli-parnta,yawarrangi,,,,,,,,,
cd2-46.jpg,capb-cd2,,,© Nic Gambold,,,jarlku,jawinji,jayapi,nini,ngarlaparaji,ngarlkirdi-ngarnu,ngirnti-jinjinyki,nyarlku,nyirrpirda,walpajirri,yarningi,,,
cd2-47.jpg,capb-cd2,Dasyurus geoffroii,,© Greg Fyfe,,,jajirdi,kuninyka,kurninka,parrjarda,,,,,,,,,,
cd2-48.jpg,capb-cd2,Pseudantechinus macdonnellensis,,© Greg Fyfe,,,kanakarlumpayi,minyipurru,nyarlurti,yuluputaji,,,,,,,,,,
cd2-49.jpg,capb-cd2,,,© Craig James,,,wulyuwulyu,yilyingkirri,,,,,,,,,,,,
cd2-50.jpg,capb-cd2,,,© Craig James,,,wulyuwulyu,,,,,,,,,,,,,
cd2-51.jpg,capb-cd2,,,© Greg Fyfe,,,kutangi,kutangka,kutangu,pardiki,wajarlurra,,,,,,,,,
cd2-52.jpg,capb-cd2,,,© Greg Fyfe,,,jirriri,ngirnti-wararra,,,,,,,,,,,,
cd2-53.jpg,capb-cd2,,,© Greg Fyfe,,,lirrirnpa,,,,,,,,,,,,,
cd2-54.jpg,capb-cd2,,,© Greg Fyfe,,,waka-partardi,waku-partardi,,,,,,,,,,,,
cd2-55.jpg,capb-cd2,,,© Craig James,,,nyirtinyirti,,,,,,,,,,,,,
cd2-56.jpg,capb-cd2,,,© Greg Fyfe,,,kana-parnta,karlangu-jarra-parnta,,,,,,,,,,,,
cd2-57.jpg,capb-cd2,,,© Melinda Hillery,,,jakumirnta,kardilyka,mulyumaku,yukalyi,yutunypa,,,,,,,,,
cd2-58.jpg,capb-cd2,,,© Craig James,,,jintilyka,mikala,,,,,,,,,,,,
cd2-59.jpg,capb-cd2,,,© Craig James,,,murruru,murrururruru,ngurunguru,purrmurumuru,purrururruru,,,,,,,,,
cd2-61.jpg,capb-cd2,,,© Greg Fyfe,,,yimpirlingirlingi,,,,,,,,,,,,,
cd2-62.jpg,capb-cd2,,,© Craig James,,,ngarlurn-ngarlurnpa,,,,,,,,,,,,,
cd2-63.jpg,capb-cd2,,,© Melinda Hillery,,,jakumirnta,kardilyka,mintapa,mulyumaku,yukalyi,yutunypa,,,,,,,,
cd2-64.jpg,capb-cd2,,,© Greg Fyfe,,,mamurutu,,,,,,,,,,,,,
cd2-66.jpg,capb-cd2,Brachychiton gregorii,,© Fiona Walsh,,,ngalta,,,,,,,,,,,,,
cd2-67.jpg,capb-cd2,,,© Fiona Walsh,,,jatipiji,jatupiji,punayi,wijilypi,,,,,,,,,,
cd2-69.jpg,capb-cd2,Elderia arenivaga,,© Fiona Walsh,,,wilyiri,,,,,,,,,,,,,
cd2-70.jpg,capb-cd2,"Fimbristylis oxystachya, Fimbristylis eremophila",,© Fiona Walsh,,,lukarrara,,,,,,,,,,,,,
cd2-71.jpg,capb-cd2,,,© Fiona Walsh,,,jatipiji,jatupiji,punayi,wijilypi,,,,,,,,,,
cd2-73.jpg,capb-cd2,Portulaca oleracea,,© Fiona Walsh,,,wakati,wayarli,,,,,,,,,,,,
cd2-74.jpg,capb-cd2,Cyperus bulbosus,,© Fiona Walsh,,,janmarda,kinyuwurru,pirlapanu,yakanku,yirrakurru,,,,,,,,,
cd2-75.jpg,capb-cd2,Eragrostis eriopoda,,© Fiona Walsh,,,wangunu,,,,,,,,,,,,,
cd2-76.jpg,capb-cd2,,,© Fiona Walsh,,,yipiri,,,,,,,,,,,,,
cd2-79.jpg,capb-cd2,Cyperus bulbosus,,© Fiona Walsh,,,janmarda,kinyuwurru,pirlapanu,yakanku,yirrakurru,,,,,,,,,
cd2-81.jpg,capb-cd2,,,© Fiona Walsh,,,larrungka,larrunka,manja,rdarrunka,tanjakurlu,wardiji,,,,,,,,
cd2-83.jpg,capb-cd2,"Themeda spp., Chrysopogon spp.",,"© Northern Territory Government, 2000",,,yinjiri,,,,,,,,,,,,,
cd2-84.jpg,capb-cd2,,,© Craig James,,,jarlji,ngarlarra,ngarnngi,wardarranji,,,,,,,,,,
cd2-85.jpg,capb-cd2,Chlamydosaurus kingii,,© Nic Gambold,,,jamankurla,,,,,,,,,,,,,
cd2-86.jpg,capb-cd2,Lophognathus longirostris,,© Greg Fyfe,,,karlarnjirri,,,,,,,,,,,,,
cd2-87.jpg,capb-cd2,,,© Greg Fyfe,,,kuwarla*1*,malilyi,mulyu-nguyu-nguyu,ngalyipi*1*,ngawininji,pirntina,,,,,,,,
cd2-89.jpg,capb-cd2,,,© Nic Gambold,,,jalkarrara,,,,,,,,,,,,,
cd2-91.jpg,capb-cd2,Demansia psammophis,,© Greg Fyfe,,,waripirrapirra,warlkirdi,,,,,,,,,,,,
cd2-92.jpg,capb-cd2,Vermicella vermiformis,,© Nic Gambold,,,milwayi,,,,,,,,,,,,,
cd2-94.jpg,capb-cd2,Vermicella vermiformis,,© Nic Gambold,,,milwayi,,,,,,,,,,,,,
#,,,,,,,,,,,,,,,,,,,,
# online2018 – Photos CDM found online in 2018,,,,,,,,,,,,,,,,,,,,
#,,,,,,,,,,,,,,,,,,,,
western-quoll.jpg,online2018,Dasyurus geoffroii,Western quoll,By Todd R. Soderquist © Commonwealth of Australia CC-BY 4.0,http://www.environment.gov.au/system/files/pages/2ccf4a97-e39b-43e0-8801-9e9c74ca36b8/images/western-quoll.jpg,Same photo but in higher resolution than traditional one wquoll.jpg from http://www.biodiversity.environment.gov.au/plants/threaten/information/species/animals/mammals/Western_Quoll/index.htm,jajirdi,kuninyka,kurninka,ngirnti-wiirnpari,parrjarda,parrjardi,yatijarra-karrkangu,,,,,,,
Chuditch.jpg,online2018,Dasyurus geoffroii,Western quoll,© 2018 The Western Australian Museum Fair Use allowed,http://museum.wa.gov.au/sites/default/files/imagecache/wam_v2_article_full_nocrop/att-images/2016/Chuditch%20%28Western%20Native%20Cat%29_2%20copy.jpg,"Or maybe © Government of Western Australia - Unless otherwise stated, the use of copyrighted material for non-commercial educational purposes such as teaching, research and news articles is accepted and does not require prior consent of the Western Australian Museum. Users who wish to reproduce content for such purposes may do so, provided none of the content is altered and the author and source of the content is recognised or cited during use.",jajirdi,kuninyka,kurninka,ngirnti-wiirnpari,parrjarda,parrjardi,yatijarra-karrkangu,,,,,,,
non-cocooning-plate-3.jpg,online2018,Notaden nichollsi,Desert Spadefoot Toad,,http://terrestrialecosystems.com/wp-content/uploads/2013/07/non-cocooning-plate-3.jpg,DUBIOUS RIGHTS,purru-parnta,,,,,,,,,,,,,
Senna-artemisioides-013_2-rot.jpg,online2019,Senna artemisioides,,D. Greig © ANBG,,Senna artemisioides subsp. Artemisioides. ANBG Photo No.: a.10286. Taken at : Perth WA Kings Park. Photographer: D. Greig.,marnturlpu*1*,purntu*2*,wariyi,,,,,,,,,,,
Lajamanu_aerial.jpg,online2018,,,Mick Erglis,https://commons.wikimedia.org/wiki/File:Lajamanu_aerial.jpg,This image was originally posted to Flickr by erglis_m (Mick) at https://www.flickr.com/photos/14631848@N06/2703756284. It was reviewed on 23 February 2014 by FlickreviewR and was confirmed to be licensed under the terms of the cc-by-2.0.,,,,,,,,,,,,,,
Cyperus-ixiocarpus-799ic1.jpg,online2019,Cyperus ixiocarpus,,© A. S. George,http://florabase.calm.wa.gov.au/browse/flora?f=032&level=s&id=799&PHPSESSID=a78100d64fc7a4e8a986f2cfdfbe3cf3,,yunyijinyiji,,,,,,,,,,,,,
